{
  "dice_A": 0.9760110574860796,
  "iou_A": 0.9533650087196054,
  "dice_B": 0.9770479821656692,
  "iou_B": 0.9553475830586273,
  "dice_C": 0.9227743606642846,
  "iou_C": 0.8583311007498484,
  "mean_dice_ABC": 0.9586111334386779,
  "mean_iou_ABC": 0.9223478975093603,
  "pixel_acc_ABC": 0.9967137339758494,
  "samples": 2100.0,
  "accuracy_percent_main": 95.86111334386779,
  "pixel_accuracy_percent": 99.67137339758494
}