{
  "dice_A": 0.9683710287143343,
  "iou_A": 0.9403123140059114,
  "dice_B": 0.9706029518465193,
  "iou_B": 0.9441844298208932,
  "dice_C": 0.8971795809268671,
  "iou_C": 0.8188123405129873,
  "mean_dice_ABC": 0.9453845204959069,
  "mean_iou_ABC": 0.901103028113264,
  "pixel_acc_ABC": 0.9953257129810476,
  "samples": 450.0,
  "accuracy_percent_main": 94.53845204959069,
  "pixel_accuracy_percent": 99.53257129810476
}