{
  "dice_A": 0.9726561446619805,
  "iou_A": 0.947389421920931,
  "dice_B": 0.9719182868533335,
  "iou_B": 0.9460673975893431,
  "dice_C": 0.9027714274075166,
  "iou_C": 0.8258466437180728,
  "mean_dice_ABC": 0.9491152863076101,
  "mean_iou_ABC": 0.9064344877427823,
  "pixel_acc_ABC": 0.9959336570457177,
  "samples": 450.0,
  "accuracy_percent_main": 94.91152863076101,
  "pixel_accuracy_percent": 99.59336570457177
}